placekey,latitude,longitude,top_category
zzy-222@62j-sjv-85f,42.373312,-71.119151,Restaurants and Other Eating Places
zzw-224@62j-sj2-s5z,42.363572,-71.101336,Restaurants and Other Eating Places
245-222@62j-sj3-9zz,42.379954,-71.09438,Drinking Places (Alcoholic Beverages)
224-222@62j-sjv-8qf,42.371488,-71.11684699999998,Restaurants and Other Eating Places
223-222@62j-sgg-kfz,42.361149,-71.115516,Restaurants and Other Eating Places
zzw-224@62j-sgg-kvf,42.360979,-71.113912,Restaurants and Other Eating Places
2k3-222@62j-sj2-jjv,42.368157,-71.108699,Restaurants and Other Eating Places
22c-222@62j-sjv-hqz,42.368966,-71.11369,Restaurants and Other Eating Places
zzw-222@62j-sj3-3qz,42.365551,-71.09015699999998,Restaurants and Other Eating Places
239-222@62j-sj2-rzf,42.363652,-71.09999,Restaurants and Other Eating Places
22h-222@62j-sjv-9zz,42.371865,-71.120502,Restaurants and Other Eating Places
24x-222@62j-sjv-9zz,42.371882,-71.121144,Drinking Places (Alcoholic Beverages)
zzy-222@62j-sj4-v9f,42.361317,-71.085981,Restaurants and Other Eating Places
222-222@62j-sjv-975,42.374203,-71.122099,Restaurants and Other Eating Places
232-223@62j-sj2-c3q,42.361999,-71.09848000000002,Drinking Places (Alcoholic Beverages)
zzw-222@62j-sj2-d9z,42.363468,-71.088546,Restaurants and Other Eating Places
22h-222@62j-sj3-b49,42.378782,-71.09464200000002,Restaurants and Other Eating Places
zzw-225@62j-sj2-54v,42.366056,-71.092182,Restaurants and Other Eating Places
229-222@62j-sjv-99f,42.373506,-71.121447,Restaurants and Other Eating Places
zzy-224@62j-sj2-75z,42.37266500000001,-71.093889,Restaurants and Other Eating Places
zzw-222@62j-sj2-s3q,42.362214,-71.098822,Restaurants and Other Eating Places
zzw-22c@62j-sj2-54v,42.366084,-71.090843,Drinking Places (Alcoholic Beverages)
228-222@62j-sj2-s5z,42.364027,-71.101967,Drinking Places (Alcoholic Beverages)
22s-226@62j-sjv-bc5,42.372633,-71.119889,Restaurants and Other Eating Places
222-226@62j-sjv-brk,42.376407,-71.116621,Restaurants and Other Eating Places
22v-222@62j-sjv-bc5,42.372917,-71.119156,Restaurants and Other Eating Places
22d-222@62j-sj2-vzz,42.371281,-71.083318,Restaurants and Other Eating Places
225-222@62j-sjv-qmk,42.377187,-71.122917,Drinking Places (Alcoholic Beverages)
23p-222@62j-sj2-mkz,42.374994,-71.109363,Restaurants and Other Eating Places
zzw-222@62j-sj2-wx5,42.371833,-71.087672,Restaurants and Other Eating Places
zzy-222@62j-sj2-ckf,42.359066,-71.09474399999998,Restaurants and Other Eating Places
22h-222@62j-sj2-fmk,42.362782,-71.09388,Restaurants and Other Eating Places
238-222@62j-sjv-8qf,42.372417,-71.11612,Restaurants and Other Eating Places
22f-222@62j-sj2-sdv,42.363513,-71.09864499999998,Drinking Places (Alcoholic Beverages)
233-222@62j-sj3-9mk,42.374038,-71.10063199999998,Restaurants and Other Eating Places
222-222@62j-sj3-4d9,42.362844,-71.087726,Restaurants and Other Eating Places
255-222@62j-sj2-835,42.370543,-71.09718000000002,Restaurants and Other Eating Places
226-222@62j-sjv-q75,42.379088,-71.127093,Drinking Places (Alcoholic Beverages)
23d-222@62j-sj2-xbk,42.371654,-71.086311,Restaurants and Other Eating Places
22j-222@62j-sj2-rkz,42.365675,-71.103734,Restaurants and Other Eating Places
23q-222@62j-sj2-s5z,42.363808,-71.101801,Restaurants and Other Eating Places
zzw-222@62j-sjv-9vf,42.371807,-71.12020600000002,Restaurants and Other Eating Places
22c-222@62j-sj3-9mk,42.373813,-71.100153,Restaurants and Other Eating Places
23k-223@62j-sjv-99f,42.373493,-71.120642,Restaurants and Other Eating Places
zzw-223@62j-sj3-b8v,42.379303,-71.095686,Restaurants and Other Eating Places
223-222@62j-sjv-9xq,42.370282,-71.11851899999998,Restaurants and Other Eating Places
222-223@62j-sj3-9fz,42.372775,-71.099329,Restaurants and Other Eating Places
235-222@62j-sjv-b6k,42.372697,-71.118877,Restaurants and Other Eating Places
237-222@62j-sj3-b8v,42.37945,-71.096153,Restaurants and Other Eating Places
25w-228@62j-sjv-j35,42.369563,-71.11134100000002,Restaurants and Other Eating Places
22j-223@62j-sj2-c3q,42.36256,-71.098473,Restaurants and Other Eating Places
zzw-225@62j-sjv-bc5,42.372502,-71.119558,Restaurants and Other Eating Places
223-223@62j-sjv-bkz,42.375955,-71.115275,Drinking Places (Alcoholic Beverages)
22r-222@62j-sj2-6hq,42.367947,-71.09784300000003,Restaurants and Other Eating Places
228-223@62j-sj2-rzf,42.363608,-71.099492,Restaurants and Other Eating Places
246-222@62j-sj3-9fz,42.37367,-71.098901,Restaurants and Other Eating Places
24k-223@62j-sj2-qj9,42.364783,-71.108787,Restaurants and Other Eating Places
zzw-225@62j-sjv-8y9,42.370879,-71.113552,Restaurants and Other Eating Places
22g-222@62j-sk2-pjv,42.378182,-71.10601,Restaurants and Other Eating Places
23j-222@62j-sjv-9mk,42.374034,-71.120701,Restaurants and Other Eating Places
22b-222@62j-sj2-89z,42.372932,-71.095978,Restaurants and Other Eating Places
224-222@62j-sj2-p35,42.364156,-71.102968,Drinking Places (Alcoholic Beverages)
223-222@62j-sj3-4d9,42.36282,-71.08749399999998,Restaurants and Other Eating Places
222-222@62j-sj2-bzf,42.361098,-71.095823,Restaurants and Other Eating Places
22h-222@62j-sj3-9zz,42.37986400000001,-71.095129,Restaurants and Other Eating Places
22y-222@62j-sj2-t35,42.365915,-71.105008,Restaurants and Other Eating Places
26w-222@62j-sjv-kfz,42.368397,-71.116023,Restaurants and Other Eating Places
23q-222@62j-sj2-p35,42.364217,-71.102907,Restaurants and Other Eating Places
zzw-222@62j-sj4-rp9,42.35919000000001,-71.088212,Drinking Places (Alcoholic Beverages)
23k-224@62j-sgg-j7q,42.35988,-71.10998000000002,Restaurants and Other Eating Places
233-223@62j-sj2-qcq,42.364216,-71.107488,Restaurants and Other Eating Places
232-222@62j-sj2-c3q,42.361999,-71.09847099999998,Restaurants and Other Eating Places
zzw-223@62j-sj2-s3q,42.362611,-71.098646,Restaurants and Other Eating Places
227-222@62j-sjv-8qf,42.372208,-71.115966,Restaurants and Other Eating Places
228-224@62j-sjv-9zz,42.372004,-71.120343,Restaurants and Other Eating Places
zzw-223@62j-sj2-b49,42.359113,-71.092946,Restaurants and Other Eating Places
2hg-222@62j-sj2-jjv,42.368211,-71.10884399999998,Restaurants and Other Eating Places
243-223@62j-sj3-9zz,42.379798,-71.094545,Restaurants and Other Eating Places
24j-223@62j-sj2-vs5,42.371948,-71.085774,Restaurants and Other Eating Places
228-222@62j-sjv-fzz,42.362536,-71.113988,Restaurants and Other Eating Places
zzw-228@62j-sj2-s5z,42.364103,-71.102124,Restaurants and Other Eating Places
22j-223@62j-sj2-6zf,42.372614,-71.090856,Restaurants and Other Eating Places
zzy-222@62j-sjv-9zz,42.372205,-71.121041,Restaurants and Other Eating Places
zzw-229@62j-sj2-vcq,42.374356,-71.084274,Restaurants and Other Eating Places
2g7-222@62j-sj2-p7q,42.364982,-71.10396300000002,Restaurants and Other Eating Places
22b-222@62j-sjv-qvf,42.376293,-71.124261,Restaurants and Other Eating Places
23w-222@62j-sj2-4vz,42.366428000000006,-71.094095,Restaurants and Other Eating Places
24y-222@62j-sj2-4sq,42.365031,-71.092656,Restaurants and Other Eating Places
zzw-22j@62j-sjv-j35,42.369411,-71.112078,Restaurants and Other Eating Places
228-222@62j-sj2-c3q,42.362474,-71.098336,Restaurants and Other Eating Places
zzw-225@62j-sgg-kvf,42.360997,-71.11394399999998,Restaurants and Other Eating Places
24s-222@62j-sj3-85f,42.373189,-71.09543000000002,Restaurants and Other Eating Places
zzy-226@62j-sj2-jn5,42.369345,-71.110752,Restaurants and Other Eating Places
229-222@62j-sj2-6zf,42.37272100000001,-71.091448,Restaurants and Other Eating Places
zzw-228@62j-sj2-p35,42.365032,-71.102756,Restaurants and Other Eating Places
22p-222@62j-sjv-9mk,42.373551,-71.120249,Drinking Places (Alcoholic Beverages)
zzw-227@62j-sjv-9mk,42.37354600000001,-71.120532,Restaurants and Other Eating Places
zzw-225@62j-sjv-9mk,42.373583,-71.12049,Restaurants and Other Eating Places
235-222@62j-sj3-b6k,42.379918,-71.096778,Restaurants and Other Eating Places
zzy-223@62j-sj2-ty9,42.374321,-71.08576,Restaurants and Other Eating Places
23x-222@62j-sjv-9zz,42.371963,-71.120281,Restaurants and Other Eating Places
zzw-222@62j-sjp-jgk,42.365138,-71.102738,Restaurants and Other Eating Places
222-222@62j-sgg-kfz,42.360866,-71.115436,Restaurants and Other Eating Places
22m-222@62j-sj3-9j9,42.374469,-71.101504,Restaurants and Other Eating Places
zzw-222@62j-sjv-cnq,42.375586,-71.113753,Restaurants and Other Eating Places
22j-222@62j-sj2-c3q,42.362555,-71.098461,Drinking Places (Alcoholic Beverages)
23h-222@62j-sjv-g6k,42.363097,-71.11159599999998,Restaurants and Other Eating Places
22b-223@62j-sj3-2zf,42.363587,-71.083219,Restaurants and Other Eating Places
22s-222@62j-sj3-b6k,42.37989,-71.096793,Restaurants and Other Eating Places
24c-222@62j-sjv-fvf,42.362479,-71.11332900000002,Restaurants and Other Eating Places
222-222@62j-sj4-vcq,42.360213,-71.085994,Restaurants and Other Eating Places
22h-222@62j-sj2-6ff,42.366273,-71.095582,Restaurants and Other Eating Places
225-222@62j-sj2-t35,42.366069,-71.105366,Restaurants and Other Eating Places
222-224@62j-sj3-4d9,42.362854,-71.087715,Restaurants and Other Eating Places
zzw-224@62j-sjv-975,42.374318,-71.122075,Restaurants and Other Eating Places
235-222@62j-sj2-syv,42.366566,-71.10529,Restaurants and Other Eating Places
25x-222@62j-sj2-j9z,42.372968,-71.110736,Restaurants and Other Eating Places
zzw-222@62j-sj2-b49,42.359142,-71.092973,Restaurants and Other Eating Places
23y-222@62j-sjv-bc5,42.372585,-71.119869,Restaurants and Other Eating Places
25w-224@62j-sjv-j35,42.369519,-71.111216,Restaurants and Other Eating Places
zzw-222@62j-sjv-975,42.374213,-71.121184,Restaurants and Other Eating Places
25h-222@62j-sk2-p7q,42.377946,-71.107261,Restaurants and Other Eating Places
27g-223@62j-sj2-jqf,42.368689,-71.10992399999998,Restaurants and Other Eating Places
zzw-222@62j-sj2-rff,42.365011,-71.10240300000002,Restaurants and Other Eating Places
237-222@62j-sk2-pd9,42.377298,-71.104867,Restaurants and Other Eating Places
23b-223@62j-sj3-85f,42.373154,-71.095093,Restaurants and Other Eating Places
zzw-227@62j-sj2-s5z,42.363651,-71.10114200000002,Restaurants and Other Eating Places
25d-222@62j-sj8-q2k,42.379724,-71.091679,Restaurants and Other Eating Places
23p-222@62j-sj2-5j9,42.369072,-71.100965,Restaurants and Other Eating Places
zzw-224@62j-sjv-835,42.374306,-71.119126,Restaurants and Other Eating Places
zzw-223@62j-sjv-9zz,42.372084,-71.121414,Restaurants and Other Eating Places
25d-222@62j-sj2-p35,42.364343,-71.102333,Restaurants and Other Eating Places
228-222@62j-sj2-t35,42.365411,-71.104776,Restaurants and Other Eating Places
23s-223@62j-sj2-435,42.368695,-71.09499699999998,Restaurants and Other Eating Places
257-222@62j-sjv-9zz,42.372469,-71.120857,Drinking Places (Alcoholic Beverages)
zzw-22c@62j-sj2-p35,42.364867,-71.102399,Restaurants and Other Eating Places
22b-222@62j-sj2-rff,42.365028,-71.102423,Restaurants and Other Eating Places
265-222@62j-sgg-jvz,42.35735,-71.107772,Restaurants and Other Eating Places
243-222@62j-sjv-bc5,42.373092,-71.119396,Restaurants and Other Eating Places
227-222@62j-sj2-bx5,42.361745,-71.097077,Restaurants and Other Eating Places
222-222@62j-sjv-brk,42.376369,-71.116619,Restaurants and Other Eating Places
zzw-222@62j-sj3-4d9,42.36316400000001,-71.088442,Restaurants and Other Eating Places
222-223@62j-sjv-brk,42.37644,-71.116827,Restaurants and Other Eating Places
234-222@62j-sjv-bc5,42.372764,-71.120223,Drinking Places (Alcoholic Beverages)
223-222@62j-sj2-d5f,42.363058,-71.092456,Restaurants and Other Eating Places
zzw-222@62j-sjv-7yv,42.372708,-71.116945,Restaurants and Other Eating Places
23c-222@62j-sgg-k75,42.357691,-71.10788199999998,Restaurants and Other Eating Places
229-222@62j-sj3-4d9,42.363101,-71.08785400000002,Restaurants and Other Eating Places
222-224@62j-sj3-47q,42.36279,-71.085498,Restaurants and Other Eating Places
zzw-222@62j-sj3-2c5,42.366646,-71.086437,Restaurants and Other Eating Places
23d-222@62j-sjv-ndv,42.373987,-71.125096,Restaurants and Other Eating Places
222-223@62j-sj3-45f,42.363694,-71.087271,Restaurants and Other Eating Places
27h-222@62j-sj2-qcq,42.364093,-71.10769300000003,Restaurants and Other Eating Places
227-224@62j-sjv-b6k,42.372479,-71.117929,Restaurants and Other Eating Places
23f-222@62j-sjv-b6k,42.372895,-71.117919,Restaurants and Other Eating Places
zzw-222@62j-sj3-47q,42.36255,-71.085605,Restaurants and Other Eating Places
263-222@62j-sj2-s89,42.363335,-71.100716,Restaurants and Other Eating Places
228-224@62j-sj2-rtv,42.36757100000001,-71.102001,Restaurants and Other Eating Places
zzw-225@62j-sj2-p35,42.365034,-71.102754,Restaurants and Other Eating Places
22d-228@62j-sjv-9zz,42.372086,-71.120826,Restaurants and Other Eating Places
zzw-223@62j-sgg-kvf,42.361022,-71.113927,Restaurants and Other Eating Places
227-223@62j-sj2-7dv,42.367673,-71.091185,Drinking Places (Alcoholic Beverages)
zzw-223@62j-sjv-85f,42.373076,-71.11872199999998,Restaurants and Other Eating Places
263-222@62j-sj3-9s5,42.373614,-71.098439,Restaurants and Other Eating Places
zzw-223@62j-sj3-4d9,42.363039,-71.088413,Restaurants and Other Eating Places
223-223@62j-sjv-bc5,42.372907,-71.120106,Restaurants and Other Eating Places
zzw-222@62j-sj4-vcq,42.360684,-71.086093,Restaurants and Other Eating Places
229-222@62j-sj2-rzf,42.363635,-71.09994,Restaurants and Other Eating Places
25w-226@62j-sjv-j35,42.36962800000001,-71.1114,Restaurants and Other Eating Places
23f-224@62j-sjv-b6k,42.372895,-71.117919,Restaurants and Other Eating Places
229-222@62j-sj2-s3q,42.362335,-71.099042,Restaurants and Other Eating Places
23s-222@62j-sj3-9zz,42.379791,-71.094802,Drinking Places (Alcoholic Beverages)
233-222@62j-sj2-8gk,42.373252,-71.098086,Restaurants and Other Eating Places
239-222@62j-sj2-7dv,42.367673,-71.090329,Restaurants and Other Eating Places
227-222@62j-sj2-rzf,42.363594,-71.098974,Restaurants and Other Eating Places
22j-222@62j-sj2-bx5,42.361782,-71.097149,Restaurants and Other Eating Places
23x-222@62j-sj2-wx5,42.372072,-71.08889599999998,Restaurants and Other Eating Places
22s-22f@62j-sjv-bc5,42.372504,-71.119377,Restaurants and Other Eating Places
224-222@62j-sk3-2x5,42.379987,-71.11534,Restaurants and Other Eating Places
228-224@62j-sj2-x89,42.372122,-71.087128,Restaurants and Other Eating Places
24t-223@62j-sjv-9zz,42.372507,-71.12151800000002,Restaurants and Other Eating Places
zzw-222@62j-sgg-fs5,42.357996,-71.114939,Restaurants and Other Eating Places
22x-223@62j-sj3-9mk,42.374155,-71.101091,Restaurants and Other Eating Places
zzy-222@62j-sjv-8qf,42.372198,-71.116039,Restaurants and Other Eating Places
243-224@62j-sjt-kxq,42.372287,-71.122901,Restaurants and Other Eating Places
zzy-223@62j-sj3-9zz,42.379957,-71.094799,Drinking Places (Alcoholic Beverages)
24d-222@62j-sj2-s5z,42.363664,-71.101451,Restaurants and Other Eating Places
zzw-224@62j-sj2-b49,42.359126,-71.092975,Restaurants and Other Eating Places
248-223@62j-sjv-b6k,42.372441,-71.118977,Restaurants and Other Eating Places
22d-222@62j-sjv-9zz,42.372068,-71.120871,Restaurants and Other Eating Places
26n-225@62j-sjv-j7q,42.370698,-71.113341,Restaurants and Other Eating Places
236-222@62j-sj2-hnq,42.370467,-71.104428,Restaurants and Other Eating Places
226-224@62j-sjv-bp9,42.372969,-71.118472,Restaurants and Other Eating Places
25x-223@62j-sjv-8jv,42.371255,-71.11466300000002,Restaurants and Other Eating Places
28p-223@62j-sj2-p7q,42.365024,-71.10421600000002,Restaurants and Other Eating Places
22h-222@62j-sjv-9mk,42.374228,-71.120007,Restaurants and Other Eating Places
zzw-226@62j-sjv-8jv,42.371267,-71.114633,Restaurants and Other Eating Places
zzw-22b@62j-sj2-54v,42.365924,-71.09108,Restaurants and Other Eating Places
23b-222@62j-sj2-rzf,42.363667,-71.09998399999998,Restaurants and Other Eating Places
22t-222@62j-sj2-sqz,42.364708,-71.105739,Restaurants and Other Eating Places
22g-223@62j-sj2-4jv,42.369953,-71.096059,Restaurants and Other Eating Places
255-222@62j-sjv-9zz,42.372467,-71.120859,Drinking Places (Alcoholic Beverages)
22d-224@62j-sjv-9zz,42.372065,-71.120869,Restaurants and Other Eating Places
22d-222@62j-sjv-8qf,42.372303,-71.116061,Restaurants and Other Eating Places
2b4-222@62j-sj2-jqf,42.36842100000001,-71.10920899999998,Restaurants and Other Eating Places
245-223@62j-sjv-c5z,42.373862,-71.112971,Restaurants and Other Eating Places
2dz-222@62j-sj3-2zf,42.364305,-71.08403299999998,Restaurants and Other Eating Places
23c-223@62j-sk2-nt9,42.378942,-71.106734,Restaurants and Other Eating Places
23k-223@62j-sgg-j7q,42.35987,-71.10995799999998,Restaurants and Other Eating Places
zzw-223@62j-sj2-s5z,42.363581,-71.101086,Restaurants and Other Eating Places
225-222@62j-sj2-z2k,42.377959,-71.089727,Restaurants and Other Eating Places
22d-22c@62j-sjv-9zz,42.372068,-71.120846,Restaurants and Other Eating Places
223-222@62j-sjv-9zz,42.372316,-71.121286,Restaurants and Other Eating Places
226-222@62j-sj2-c3q,42.36245200000001,-71.098,Restaurants and Other Eating Places
227-222@62j-sjv-99f,42.37372,-71.12182299999998,Restaurants and Other Eating Places
24h-222@62j-sj3-9j9,42.374521,-71.101502,Drinking Places (Alcoholic Beverages)
24g-222@62j-sjv-99f,42.373518,-71.12155600000001,Drinking Places (Alcoholic Beverages)
226-222@62j-sj2-t35,42.365967,-71.105213,Restaurants and Other Eating Places
23y-222@62j-sj2-syv,42.366709,-71.105369,Restaurants and Other Eating Places
22v-224@62j-sj3-9cq,42.374052,-71.10006899999998,Restaurants and Other Eating Places
223-224@62j-sjv-9mk,42.373476,-71.120052,Restaurants and Other Eating Places
22s-222@62j-sj2-4vz,42.366355,-71.094301,Restaurants and Other Eating Places
222-222@62j-sj3-9fz,42.372746,-71.099375,Restaurants and Other Eating Places
23s-222@62j-sj2-mkz,42.374948,-71.10911899999998,Restaurants and Other Eating Places
22g-222@62j-sj2-t35,42.365432,-71.104613,Restaurants and Other Eating Places
23g-222@62j-sjv-9zz,42.37179,-71.120643,Restaurants and Other Eating Places
22x-222@62j-sj2-ffz,42.36339,-71.09687,Restaurants and Other Eating Places
243-222@62j-sj3-9zz,42.379863,-71.094486,Restaurants and Other Eating Places
22f-223@62j-sjv-9vf,42.37219,-71.119562,Restaurants and Other Eating Places
24m-222@62j-sjv-9zz,42.372375,-71.121481,Restaurants and Other Eating Places
22k-223@62j-sjv-9mk,42.373613,-71.119502,Restaurants and Other Eating Places
zzw-227@62j-sj2-9cq,42.359247,-71.093127,Restaurants and Other Eating Places
223-222@62j-sj2-ffz,42.363395,-71.096884,Restaurants and Other Eating Places
23f-223@62j-sj2-s5z,42.36392100000001,-71.101676,Restaurants and Other Eating Places
24b-222@62j-sjv-g8v,42.36469,-71.113258,Restaurants and Other Eating Places
